epoch,time,vertice_loss,facet_loss,vertice_error,facet_error,lr
0,0:02:08,0.2406,1.1211,0.1642,46.2732,0.001
1,0:04:16,0.2441,0.3766,0.1645,14.5188,0.0009999
2,0:06:26,0.2348,0.2825,0.1579,10.8747,0.0009998
3,0:08:34,0.2298,0.2607,0.1546,9.9914,0.0009997
5,0:12:52,0.2222,0.1917,0.1494,7.3914,0.0009995
6,0:15:02,0.2157,0.1801,0.1449,6.9609,0.0009994
8,0:19:20,0.2078,0.175,0.1397,6.7452,0.0009992
10,0:23:38,0.1985,0.1747,0.1334,6.7388,0.000999
16,0:38:07,0.1888,0.1639,0.1273,6.3029,0.0009984
20,0:47:34,0.1776,0.1875,0.1198,7.2903,0.000998
21,0:49:41,0.1761,0.1599,0.1188,6.1594,0.0009979
26,1:00:19,0.1563,0.1576,0.1057,6.0514,0.0009974
30,1:08:51,0.1501,0.1613,0.1018,6.1991,0.000997
34,1:17:22,0.147,0.1562,0.0995,5.9815,0.0009966
39,1:28:00,0.1385,0.1518,0.0938,5.8309,0.00099611
40,1:30:08,0.143,0.1642,0.0969,6.294,0.00099601
41,1:32:16,0.1403,0.1467,0.0952,5.6375,0.00099591
42,1:34:24,0.1394,0.146,0.0946,5.6102,0.00099581
45,1:40:47,0.1365,0.1422,0.0926,5.4666,0.00099551
47,1:45:03,0.1339,0.1416,0.0907,5.4473,0.00099531
48,1:47:10,0.1332,0.1416,0.0903,5.439,0.00099521
49,1:49:17,0.1373,0.1374,0.093,5.2816,0.00099511
50,1:51:25,0.1364,0.1535,0.0923,5.8987,0.00099501
51,1:53:31,0.1353,0.1355,0.0915,5.2064,0.00099491
57,2:06:15,0.1381,0.1334,0.0935,5.1299,0.00099431
60,2:12:38,0.1311,0.1865,0.0888,7.2048,0.00099401
70,2:33:50,0.133,0.1455,0.0902,5.6164,0.00099302
80,2:55:07,0.1308,0.1318,0.0884,5.0679,0.00099203
90,3:16:20,0.1262,0.1307,0.0853,5.0255,0.00099104
100,3:37:30,0.1251,0.1333,0.0847,5.1326,0.00099004
110,3:58:20,0.122,0.1344,0.0825,5.1645,0.00098905
116,4:11:00,0.1202,0.1282,0.0814,4.9297,0.00098846
120,4:19:23,0.1228,0.1326,0.0832,5.0981,0.00098807
130,4:40:15,0.1221,0.133,0.0826,5.1068,0.00098708
135,4:50:42,0.1205,0.1276,0.0818,4.9021,0.00098658
140,5:01:08,0.1252,0.1536,0.0844,5.9103,0.00098609
150,5:22:01,0.1159,0.1316,0.0785,5.0619,0.0009851
157,5:36:36,0.119,0.1275,0.0804,4.9021,0.00098441
158,5:38:42,0.1205,0.1275,0.0815,4.8979,0.00098432
160,5:42:51,0.1219,0.1274,0.0825,4.8965,0.00098412
162,5:47:01,0.1158,0.1271,0.0784,4.885,0.00098392
170,6:03:40,0.1152,0.13,0.078,5.0016,0.00098314
171,6:05:45,0.1143,0.1259,0.0774,4.8376,0.00098304
180,6:24:37,0.1177,0.1332,0.0797,5.1295,0.00098215
189,6:43:24,0.1134,0.1251,0.0768,4.8074,0.00098127
190,6:45:29,0.1209,0.1283,0.0816,4.9292,0.00098117
198,7:02:14,0.1138,0.1242,0.077,4.7744,0.00098039
200,7:06:24,0.1214,0.1579,0.0822,6.0525,0.00098019
210,7:27:21,0.1134,0.1271,0.0768,4.8864,0.00097921
215,7:37:47,0.1114,0.1233,0.0753,4.7368,0.00097872
220,7:48:12,0.1185,0.1385,0.0802,5.3148,0.00097823
230,8:09:08,0.1144,0.1276,0.0772,4.9068,0.00097725
240,8:30:03,0.1147,0.1341,0.0776,5.1715,0.00097627
242,8:34:13,0.1129,0.1221,0.0764,4.6925,0.00097608
250,8:50:56,0.1138,0.1605,0.077,6.1585,0.0009753
260,9:12:02,0.1104,0.1241,0.0747,4.7685,0.00097432
270,9:32:53,0.1125,0.1465,0.0761,5.6254,0.00097335
280,9:53:44,0.1112,0.1249,0.0751,4.7935,0.00097237
290,10:14:38,0.1091,0.1287,0.0738,4.947,0.0009714
300,10:35:33,0.1147,0.1371,0.0773,5.293,0.00097043
310,10:56:26,0.1092,0.1526,0.0739,5.8474,0.00096946
314,11:04:46,0.1095,0.1214,0.0741,4.6619,0.00096907
318,11:13:09,0.1115,0.1212,0.0754,4.6564,0.00096868
320,11:17:23,0.1093,0.1217,0.0739,4.6752,0.00096849
330,11:38:13,0.1151,0.1351,0.0777,5.1852,0.00096752
339,11:57:02,0.1073,0.1204,0.0725,4.6258,0.00096665
340,11:59:07,0.1079,0.1463,0.0729,5.6739,0.00096656
350,12:20:01,0.1103,0.1231,0.0746,4.7267,0.00096559
356,12:32:31,0.1069,0.1201,0.0722,4.6128,0.00096501
358,12:36:42,0.1067,0.1196,0.0722,4.5976,0.00096482
360,12:40:52,0.1082,0.1242,0.0733,4.7678,0.00096462
370,13:01:45,0.1076,0.12,0.0727,4.6098,0.00096366
380,13:22:39,0.1088,0.1304,0.0735,5.0076,0.00096269
386,13:35:10,0.1045,0.1193,0.0708,4.5854,0.00096212
390,13:43:35,0.1135,0.1292,0.0766,4.963,0.00096173
400,14:04:33,0.1094,0.1225,0.074,4.7032,0.00096077
410,14:25:29,0.1096,0.1221,0.074,4.6898,0.00095981
420,14:46:21,0.1081,0.1242,0.0731,4.7749,0.00095885
430,15:07:18,0.1066,0.1215,0.0722,4.666,0.00095789
440,15:28:10,0.106,0.1209,0.0718,4.6463,0.00095693
450,15:49:04,0.107,0.1214,0.0725,4.6622,0.00095598
459,16:07:51,0.1108,0.1193,0.0747,4.5828,0.00095512
460,16:09:55,0.1079,0.1221,0.0731,4.6937,0.00095502
470,16:30:47,0.1064,0.1297,0.0719,4.992,0.00095406
480,16:51:40,0.1077,0.1227,0.0728,4.7148,0.00095311
481,16:53:45,0.1059,0.119,0.0716,4.574,0.00095302
490,17:12:35,0.106,0.1253,0.0716,4.8094,0.00095216
500,17:33:32,0.105,0.1243,0.071,4.78,0.00095121
502,17:38:24,0.1045,0.119,0.0707,4.5722,0.00095102
504,17:43:20,0.1047,0.1188,0.0708,4.5617,0.00095083
510,18:01:09,0.1031,0.1266,0.0697,4.8809,0.00095025
518,18:20:11,0.1039,0.1181,0.0702,4.535,0.00094949
520,18:25:04,0.108,0.1238,0.0729,4.7628,0.0009493
530,18:49:30,0.1051,0.1185,0.0709,4.5547,0.00094835
540,19:13:55,0.1044,0.1192,0.0707,4.5736,0.00094741
550,19:38:20,0.1048,0.1199,0.0707,4.6086,0.00094646
560,20:01:30,0.1038,0.1327,0.0701,5.0893,0.00094551
570,20:22:24,0.1054,0.1193,0.0711,4.5837,0.00094457
580,20:43:18,0.1082,0.1198,0.0729,4.6037,0.00094362
590,21:04:11,0.1035,0.1328,0.07,5.0975,0.00094268
600,21:25:15,0.1028,0.1212,0.0694,4.6589,0.00094174
604,21:33:38,0.1055,0.1175,0.0715,4.5115,0.00094136
610,21:46:09,0.1027,0.1195,0.0694,4.5888,0.00094079
620,22:07:06,0.1036,0.1198,0.07,4.6048,0.00093985
630,22:28:03,0.1106,0.1284,0.0748,4.9276,0.00093891
640,22:49:01,0.1079,0.144,0.0727,5.528,0.00093797
650,23:09:53,0.1034,0.1179,0.0698,4.5266,0.00093704
660,23:30:56,0.103,0.1192,0.0696,4.5787,0.0009361
670,23:51:54,0.1138,0.1211,0.0768,4.6533,0.00093516
678,1day0:08:36,0.1011,0.1173,0.0683,4.5064,0.00093442
679,1day0:10:41,0.1026,0.1172,0.0693,4.4993,0.00093432
680,1day0:12:46,0.1031,0.1176,0.0696,4.517,0.00093423
690,1day0:33:40,0.1046,0.1179,0.0706,4.5281,0.00093329
700,1day0:54:36,0.1034,0.12,0.0698,4.6102,0.00093236
710,1day1:15:31,0.103,0.1184,0.0696,4.5473,0.00093143
712,1day1:19:43,0.1016,0.1163,0.0688,4.4688,0.00093124
720,1day1:36:29,0.1038,0.1205,0.0701,4.6301,0.0009305
730,1day1:57:20,0.1026,0.1182,0.0693,4.5371,0.00092957
740,1day2:18:13,0.1018,0.117,0.0689,4.4947,0.00092864
750,1day2:39:06,0.1036,0.1181,0.07,4.5383,0.00092771
760,1day2:59:53,0.1045,0.1231,0.0705,4.7247,0.00092678
770,1day3:20:45,0.1016,0.118,0.0688,4.5333,0.00092585
780,1day3:41:48,0.1062,0.1181,0.0717,4.5385,0.00092493
790,1day4:02:35,0.1039,0.1176,0.0702,4.5178,0.000924
800,1day4:23:22,0.1042,0.1213,0.0706,4.658,0.00092308
810,1day4:44:11,0.1011,0.1196,0.0683,4.5911,0.00092216
820,1day5:05:03,0.1037,0.1174,0.0701,4.5078,0.00092123
830,1day5:25:58,0.102,0.1168,0.0689,4.4871,0.00092031
840,1day5:46:52,0.1052,0.1176,0.0709,4.5155,0.00091939
850,1day6:07:44,0.1032,0.1176,0.0697,4.519,0.00091847
860,1day6:28:36,0.1023,0.1193,0.0691,4.5814,0.00091755
868,1day6:45:15,0.1017,0.1163,0.0687,4.4684,0.00091682
870,1day6:49:26,0.1031,0.1178,0.0696,4.526,0.00091664
880,1day7:10:18,0.1018,0.1222,0.0687,4.6902,0.00091572
889,1day7:29:05,0.1007,0.1161,0.068,4.4595,0.0009149
890,1day7:31:09,0.1033,0.1197,0.0698,4.5898,0.0009148
900,1day7:52:00,0.1004,0.1186,0.0679,4.5563,0.00091389
910,1day8:12:47,0.1017,0.1164,0.0687,4.4709,0.00091298
920,1day8:33:37,0.104,0.1172,0.0702,4.5007,0.00091206
930,1day8:54:25,0.1046,0.1172,0.0705,4.5043,0.00091115
940,1day9:15:26,0.1026,0.1167,0.0695,4.481,0.00091024
950,1day9:36:15,0.1074,0.1173,0.0724,4.5074,0.00090933
960,1day9:57:08,0.1006,0.1172,0.068,4.5006,0.00090842
970,1day10:18:07,0.1126,0.1238,0.0758,4.7569,0.00090751
980,1day10:39:02,0.1037,0.1175,0.07,4.5096,0.0009066
990,1day10:59:56,0.1037,0.1177,0.07,4.5213,0.0009057
996,1day11:12:27,0.1015,0.116,0.0684,4.4558,0.00090515
